{"branches": 89.60843373493977, "coverage": 93.96559916373658}